{"manifestVersion":"1.1","info":{"id":"VSIX.ce5f048a-f66f-400f-86fe-566b8a4abe79,version=1.0","manifestType":"Extension"},"packages":[{"id":"Component.VSIX.ce5f048a-f66f-400f-86fe-566b8a4abe79","version":"1.0","type":"Component","extension":true,"dependencies":{"VSIX.ce5f048a-f66f-400f-86fe-566b8a4abe79":"1.0","Microsoft.VisualStudio.Component.CoreEditor":"[16.0,17.0)"},"localizedResources":[{"language":"en-US","title":"VSIX","description":"Empty VSIX Project."}]},{"id":"VSIX.ce5f048a-f66f-400f-86fe-566b8a4abe79","version":"1.0","type":"Vsix","payloads":[{"fileName":"VSIX.vsix","size":24393}],"vsixId":"VSIX.ce5f048a-f66f-400f-86fe-566b8a4abe79","extensionDir":"[installdir]\\Common7\\IDE\\Extensions\\ewrm5t1m.2m0","installSizes":{"targetDrive":78178}}]}